quarter,result,app_count,worker_count,min_yr_sal,avg_yr_sal,max_yr_sal,min_pw,avg_pw,max_pw,avg_decdur,naics5,job,empcity,workcity,samecounty,samest,sscounty,ssst
2015Q1,CERTIFIED,72876,159735,16765,89845,124800000,15080,74713,416000,5,"['54151', '61131', '54161', '54121', '51121']","['PROGRAMMER ANALYST', 'SOFTWARE ENGINEER', 'COMPUTER PROGRAMMER', 'SYSTEMS ANALYST', 'TECHNOLOGY LEAD - US']","['PLANO-TX', 'NEW YORK-NY', 'DURHAM-NC', 'CHICAGO-IL', 'EAST BRUNSWICK-NJ', 'PHILADELPHIA-PA', 'EDISON-NJ', 'ROCKVILLE-MD', 'SUNNYVALE-CA', 'SECAUCUS-NJ', 'TROY-MI', 'SAN FRANCISCO-CA', 'HOUSTON-TX', 'SAN JOSE-CA', 'REDMOND-WA', 'ISELIN-NJ', 'IRVING-TX', 'SEATTLE-WA', 'SANTA CLARA-CA', 'PISCATAWAY-NJ']","['NEW YORK-NY', 'SAN FRANCISCO-CA', 'HOUSTON-TX', 'ATLANTA-GA', 'SAN JOSE-CA', 'CHICAGO-IL', 'SUNNYVALE-CA', 'SEATTLE-WA', 'REDMOND-WA', 'JERSEY CITY-NJ', 'DALLAS-TX', 'CHARLOTTE-NC', 'BOSTON-MA', 'BELLEVUE-WA', 'MOUNTAIN VIEW-CA', 'PHOENIX-AZ', 'IRVING-TX', 'SAN DIEGO-CA', 'AUSTIN-TX', 'SANTA CLARA-CA']",27222,33221,37.35,45.59
2015Q1,CERTIFIED-WITHDRAWN,7805,8589,24000,141332,188543680,16630,70416,249808,398,"['54151', '61131', '51121', '52311', '54171']","['PROGRAMMER ANALYST', 'SOFTWARE ENGINEER', 'PROGRAMMER/ANALYST', 'SYSTEMS ANALYST', 'ASSISTANT PROFESSOR']","['NEW YORK-NY', 'PISCATAWAY-NJ', 'REDMOND-WA', 'HOUSTON-TX', 'CHICAGO-IL', 'ALISO VIEJO-CA', 'SAN FRANCISCO-CA', 'SANTA CLARA-CA', 'SAN DIEGO-CA', 'TROY-MI', 'IRVING-TX', 'MOUNTAIN VIEW-CA', 'BOSTON-MA', 'FRISCO-TX', 'DALLAS-TX', 'LOUISVILLE-KY', 'SAN JOSE-CA', 'ATLANTA-GA', 'DURHAM-NC', 'SUNNYVALE-CA']","['NEW YORK-NY', 'HOUSTON-TX', 'SAN FRANCISCO-CA', 'REDMOND-WA', 'SAN JOSE-CA', 'SUNNYVALE-CA', 'SAN DIEGO-CA', 'ATLANTA-GA', 'BOSTON-MA', 'CHICAGO-IL', 'MOUNTAIN VIEW-CA', 'BELLEVUE-WA', 'FRISCO-TX', 'AUSTIN-TX', 'ALPHARETTA-GA', 'SANTA CLARA-CA', 'WASHINGTON-DC', 'PISCATAWAY-NJ', 'BALTIMORE-MD', 'RESTON-VA']",4191,4890,53.7,62.65
2015Q1,DENIED,1688,2512,15080,224238,237952000,0,639341,221555360,5,"['54151', '61131', '54161', '54133', '51121']","['PROGRAMMER ANALYST', 'SOFTWARE ENGINEER', 'COMPUTER PROGRAMMER', 'SOFTWARE DEVELOPER', 'BUSINESS ANALYST']","['NEW YORK-NY', 'DURHAM-NC', 'SAN FRANCISCO-CA', 'HOUSTON-TX', 'LOS ANGELES-CA', 'SAN DIEGO-CA', 'PHILADELPHIA-PA', 'EDISON-NJ', 'CHICAGO-IL', 'SAN JOSE-CA', 'BROOKLYN-NY', 'BOSTON-MA', 'SEATTLE-WA', 'DALLAS-TX', 'ATLANTA-GA', 'ISELIN-NJ', 'WASHINGTON-DC', 'AUSTIN-TX', 'IRVING-TX', 'SECAUCUS-NJ']","['NEW YORK-NY', 'HOUSTON-TX', 'SAN FRANCISCO-CA', 'LOS ANGELES-CA', 'SAN DIEGO-CA', 'SAN JOSE-CA', 'BROOKLYN-NY', 'DALLAS-TX', 'SEATTLE-WA', 'CHICAGO-IL', 'WASHINGTON-DC', 'ATLANTA-GA', 'AUSTIN-TX', 'BOSTON-MA', 'TAMUNING-GU', 'HONOLULU-HI', 'JERSEY CITY-NJ', 'MIAMI-FL', 'MOUNTAIN VIEW-CA', 'SUNNYVALE-CA']",1064,1191,63.03,70.56
2015Q1,WITHDRAWN,2816,3647,19288,350202,208000000,19288,164553,172968640,168,"['54151', '61131', '33441', '54171', '54133']","['PROGRAMMER ANALYST', 'SOFTWARE ENGINEER', 'COMPUTER SYSTEMS ANALYST', 'APPLICATION DEVELOPER', 'COMPUTER PROGRAMMER']","['DURHAM-NC', 'NEW YORK-NY', 'HOUSTON-TX', 'SANTA CLARA-CA', 'EDISON-NJ', 'IRVINE-CA', 'CHICAGO-IL', 'IRVING-TX', 'EAST BRUNSWICK-NJ', 'SAN FRANCISCO-CA', 'ATLANTA-GA', 'SAN DIEGO-CA', 'MILPITAS-CA', 'CUPERTINO-CA', 'MOUNTAIN VIEW-CA', 'SAN JOSE-CA', 'NASHVILLE-TN', 'PLANO-TX', 'SUNNYVALE-CA', 'PISCATAWAY-NJ']","['NEW YORK-NY', 'HOUSTON-TX', 'SAN FRANCISCO-CA', 'SAN DIEGO-CA', 'SUNNYVALE-CA', 'SAN JOSE-CA', 'ATLANTA-GA', 'SANTA CLARA-CA', 'DALLAS-TX', 'MOUNTAIN VIEW-CA', 'CHICAGO-IL', 'CUPERTINO-CA', 'AUSTIN-TX', 'CHARLOTTE-NC', 'MIDDLETOWN-NJ', 'COLUMBUS-OH', 'BOSTON-MA', 'PHOENIX-AZ', 'SYRACUSE-NY', 'SEATTLE-WA']",1287,1510,45.7,53.62
2015Q2,CERTIFIED,256911,553977,17000,83554,405600000,15600,69431,181232480,6,"['54151', '54161', '5416', '54133', '61131']","['PROGRAMMER ANALYST', 'SOFTWARE ENGINEER', 'COMPUTER PROGRAMMER', 'SYSTEMS ANALYST', 'SOFTWARE DEVELOPER']","['PLANO-TX', 'NEW YORK-NY', 'CHICAGO-IL', 'ROCKVILLE-MD', 'DURHAM-NC', 'EDISON-NJ', 'EAST BRUNSWICK-NJ', 'HOUSTON-TX', 'SUNNYVALE-CA', 'PHILADELPHIA-PA', 'IRVING-TX', 'ISELIN-NJ', 'SANTA CLARA-CA', 'SAN JOSE-CA', 'SAN FRANCISCO-CA', 'PISCATAWAY-NJ', 'TROY-MI', 'MOUNTAIN VIEW-CA', 'DALLAS-TX', 'ATLANTA-GA']","['NEW YORK-NY', 'HOUSTON-TX', 'SAN FRANCISCO-CA', 'ATLANTA-GA', 'SAN JOSE-CA', 'CHICAGO-IL', 'IRVING-TX', 'SUNNYVALE-CA', 'DALLAS-TX', 'SANTA CLARA-CA', 'AUSTIN-TX', 'JERSEY CITY-NJ', 'MOUNTAIN VIEW-CA', 'CHARLOTTE-NC', 'REDMOND-WA', 'EDISON-NJ', 'BOSTON-MA', 'PLANO-TX', 'SEATTLE-WA', 'ALPHARETTA-GA']",122063,142703,47.51,55.55
2015Q2,CERTIFIED-WITHDRAWN,7872,8495,21694,114391,124800000,16650,69537,360006,360,"['54151', '61131', '51121', '54133', '52311']","['PROGRAMMER ANALYST', 'SOFTWARE ENGINEER', 'SYSTEMS ANALYST', 'ASSISTANT PROFESSOR', 'SOFTWARE DEVELOPER']","['NEW YORK-NY', 'HOUSTON-TX', 'DURHAM-NC', 'REDMOND-WA', 'ATLANTA-GA', 'TROY-MI', 'CHICAGO-IL', 'SAN FRANCISCO-CA', 'IRVING-TX', 'MOUNTAIN VIEW-CA', 'PISCATAWAY-NJ', 'ALISO VIEJO-CA', 'SAN DIEGO-CA', 'RALEIGH-NC', 'FRISCO-TX', 'PLANO-TX', 'SAN JOSE-CA', 'DALLAS-TX', 'EDISON-NJ', 'LOUISVILLE-KY']","['NEW YORK-NY', 'HOUSTON-TX', 'SAN FRANCISCO-CA', 'REDMOND-WA', 'ATLANTA-GA', 'MOUNTAIN VIEW-CA', 'CHICAGO-IL', 'SAN JOSE-CA', 'RALEIGH-NC', 'SAN DIEGO-CA', 'SUNNYVALE-CA', 'BOSTON-MA', 'BELLEVUE-WA', 'AUSTIN-TX', 'IRVING-TX', 'TROY-MI', 'WASHINGTON-DC', 'PHOENIX-AZ', 'LOS ANGELES-CA', 'FRISCO-TX']",4554,5177,57.85,65.76
2015Q2,DENIED,4474,7906,16640,113216,167107200,0,1064778,306741760,8,"['54151', '54161', '54133', '61131', '62211']","['PROGRAMMER ANALYST', 'SOFTWARE ENGINEER', 'ACCOUNTANT', 'SOFTWARE DEVELOPER', 'BUSINESS ANALYST']","['NEW YORK-NY', 'SAN JOSE-CA', 'DURHAM-NC', 'HOUSTON-TX', 'JERSEY CITY-NJ', 'CHICAGO-IL', 'SAN FRANCISCO-CA', 'PHILADELPHIA-PA', 'LOS ANGELES-CA', 'MOUNTAIN VIEW-CA', 'DALLAS-TX', 'ATLANTA-GA', 'IRVING-TX', 'MIAMI-FL', 'SANTA CLARA-CA', 'BROOKLYN-NY', 'BOSTON-MA', 'EDISON-NJ', 'PALO ALTO-CA', 'SAN DIEGO-CA']","['NEW YORK-NY', 'SAN JOSE-CA', 'HOUSTON-TX', 'JERSEY CITY-NJ', 'SAN FRANCISCO-CA', 'CHICAGO-IL', 'ATLANTA-GA', 'LOS ANGELES-CA', 'DALLAS-TX', 'SAN DIEGO-CA', 'MOUNTAIN VIEW-CA', 'MIAMI-FL', 'BOSTON-MA', 'BROOKLYN-NY', 'AUSTIN-TX', 'IRVING-TX', 'BELLEVUE-WA', 'IRVINE-CA', 'CAMBRIDGE-MA', 'CHARLOTTE-NC']",3264,3519,72.95,78.65
2015Q2,WITHDRAWN,8532,12654,20000,348451,226720000,15080,237505,169638560,37,"['54151', '54133', '61131', '54161', '51121']","['PROGRAMMER ANALYST', 'SOFTWARE ENGINEER', 'SOFTWARE DEVELOPER', 'SYSTEMS ANALYST', 'COMPUTER PROGRAMMER']","['DURHAM-NC', 'NEW YORK-NY', 'EDISON-NJ', 'HOUSTON-TX', 'SAN JOSE-CA', 'SANTA CLARA-CA', 'IRVING-TX', 'SAN FRANCISCO-CA', 'CHICAGO-IL', 'MOUNTAIN VIEW-CA', 'TROY-MI', 'PLANO-TX', 'PISCATAWAY-NJ', 'SIMI VALLEY-CA', 'WESTBOROUGH-MA', 'FREMONT-CA', 'PRINCETON-NJ', 'ISELIN-NJ', 'ALISO VIEJO-CA', 'LOS ANGELES-CA']","['NEW YORK-NY', 'HOUSTON-TX', 'SAN FRANCISCO-CA', 'BATON ROUGE-LA', 'CHICAGO-IL', 'SAN JOSE-CA', 'ATLANTA-GA', 'LOS ANGELES-CA', 'SANTA CLARA-CA', 'MOUNTAIN VIEW-CA', 'IRVING-TX', 'CHARLOTTE-NC', 'DALLAS-TX', 'SAN DIEGO-CA', 'PISCATAWAY-NJ', 'PHOENIX-AZ', 'BOSTON-MA', 'EDISON-NJ', 'NASHUA-NH', 'AUSTIN-TX']",4558,5202,53.42,60.97
2015Q3,CERTIFIED,109159,212530,16765,92387,149760000,15080,75606,707200,5,"['54151', '61131', '54161', '62211', '54133']","['PROGRAMMER ANALYST', 'SOFTWARE ENGINEER', 'COMPUTER PROGRAMMER', 'SYSTEMS ANALYST', 'TECHNOLOGY LEAD - US']","['PLANO-TX', 'NEW YORK-NY', 'ROCKVILLE-MD', 'CHICAGO-IL', 'EDISON-NJ', 'PHILADELPHIA-PA', 'HOUSTON-TX', 'SUNNYVALE-CA', 'SAN FRANCISCO-CA', 'EAST BRUNSWICK-NJ', 'SAN JOSE-CA', 'DURHAM-NC', 'IRVING-TX', 'SANTA CLARA-CA', 'MOUNTAIN VIEW-CA', 'DALLAS-TX', 'BOSTON-MA', 'TROY-MI', 'PISCATAWAY-NJ', 'ISELIN-NJ']","['NEW YORK-NY', 'HOUSTON-TX', 'SAN FRANCISCO-CA', 'SAN JOSE-CA', 'CHICAGO-IL', 'ATLANTA-GA', 'SUNNYVALE-CA', 'BOSTON-MA', 'SEATTLE-WA', 'REDMOND-WA', 'AUSTIN-TX', 'DALLAS-TX', 'MOUNTAIN VIEW-CA', 'JERSEY CITY-NJ', 'CHARLOTTE-NC', 'SAN DIEGO-CA', 'IRVING-TX', 'PHILADELPHIA-PA', 'PHOENIX-AZ', 'SANTA CLARA-CA']",49108,58341,44.99,53.45
2015Q3,CERTIFIED-WITHDRAWN,11482,16184,18000,109645,144328080,16680,71105,250900,293,"['54151', '61131', '52311', '51121', '54133']","['PROGRAMMER ANALYST', 'SOFTWARE ENGINEER', 'PROJECT MANAGER', 'LEAD ENGINEER', 'ASSISTANT PROFESSOR']","['EAST BRUNSWICK-NJ', 'NEW YORK-NY', 'HOUSTON-TX', 'MOUNTAIN VIEW-CA', 'SAN FRANCISCO-CA', 'IRVING-TX', 'SAN JOSE-CA', 'SANTA CLARA-CA', 'BALTIMORE-MD', 'BELLEVUE-WA', 'TROY-MI', 'BOSTON-MA', 'DALLAS-TX', 'CHICAGO-IL', 'ATLANTA-GA', 'WOODBRIDGE-NJ', 'REDMOND-WA', 'EAST LANSING-MI', 'FRISCO-TX', 'FARMINGTON HILLS-MI']","['NEW YORK-NY', 'HOUSTON-TX', 'SAN FRANCISCO-CA', 'SAN JOSE-CA', 'MOUNTAIN VIEW-CA', 'BALTIMORE-MD', 'BELLEVUE-WA', 'BOSTON-MA', 'IRVING-TX', 'SANTA CLARA-CA', 'SUNNYVALE-CA', 'CHICAGO-IL', 'ATLANTA-GA', 'AUSTIN-TX', 'SAN DIEGO-CA', 'REDMOND-WA', 'FRISCO-TX', 'PLANO-TX', 'PHILADELPHIA-PA', 'CAMBRIDGE-MA']",6078,6922,52.94,60.29
2015Q3,DENIED,2581,3475,0,138630,85932080,0,1026384,208488800,5,"['54151', '61131', '54161', '62211', '62111']","['PROGRAMMER ANALYST', 'SOFTWARE ENGINEER', 'SYSTEMS ANALYST', 'ASSISTANT PROFESSOR', 'COMPUTER SYSTEMS ANALYST']","['NEW YORK-NY', 'CHICAGO-IL', 'HOUSTON-TX', 'LOS ANGELES-CA', 'SAN FRANCISCO-CA', 'ATLANTA-GA', 'BROOKLYN-NY', 'PHILADELPHIA-PA', 'SAN JOSE-CA', 'SANTA CLARA-CA', 'BOSTON-MA', 'PRINCETON-NJ', 'DALLAS-TX', 'IRVINE-CA', 'MIAMI-FL', 'SAN DIEGO-CA', 'SEATTLE-WA', 'TAMPA-FL', 'HERNDON-VA', 'IRVING-TX']","['NEW YORK-NY', 'CHICAGO-IL', 'HOUSTON-TX', 'SAN FRANCISCO-CA', 'LOS ANGELES-CA', 'SAN JOSE-CA', 'ATLANTA-GA', 'WASHINGTON-DC', 'MIAMI-FL', 'BROOKLYN-NY', 'SAN DIEGO-CA', 'BOSTON-MA', 'SAN ANTONIO-TX', 'SUNNYVALE-CA', 'DALLAS-TX', 'IRVINE-CA', 'JERSEY CITY-NJ', 'SEATTLE-WA', 'PHILADELPHIA-PA', 'PHOENIX-AZ']",1850,2038,71.68,78.96
2015Q3,WITHDRAWN,3614,4366,21840,505230,520000000,16952,74907,304831,157,"['54151', '61131', '54133', '62211', '54161']","['PROGRAMMER ANALYST', 'SOFTWARE ENGINEER', 'SOFTWARE DEVELOPER', 'COMPUTER PROGRAMMER', 'SYSTEMS ANALYST']","['NEW YORK-NY', 'SANTA CLARA-CA', 'PLANO-TX', 'EDISON-NJ', 'HOUSTON-TX', 'DURHAM-NC', 'SAN JOSE-CA', 'CHICAGO-IL', 'SAN DIEGO-CA', 'SEATTLE-WA', 'SAN FRANCISCO-CA', 'EXTON-PA', 'PALO ALTO-CA', 'ATLANTA-GA', 'ROCKVILLE-MD', 'BOSTON-MA', 'EAST BRUNSWICK-NJ', 'LOS ANGELES-CA', 'MOUNTAIN VIEW-CA', 'IRVINE-CA']","['NEW YORK-NY', 'SANTA CLARA-CA', 'HOUSTON-TX', 'SAN FRANCISCO-CA', 'SEATTLE-WA', 'CHICAGO-IL', 'ATLANTA-GA', 'PALO ALTO-CA', 'SAN DIEGO-CA', 'SAN JOSE-CA', 'IRVINE-CA', 'BELLEVUE-WA', 'SUNNYVALE-CA', 'REDMOND-WA', 'BOSTON-MA', 'LOS ANGELES-CA', 'DALLAS-TX', 'MOUNTAIN VIEW-CA', 'AUSTIN-TX', 'JERSEY CITY-NJ']",1897,2184,52.49,60.43
2015Q4,CERTIFIED,97273,201388,18003,90161,1800000,15080,76055,575000,5,"['54151', '61131', '54161', '5416', '54133']","['PROGRAMMER ANALYST', 'SOFTWARE ENGINEER', 'COMPUTER PROGRAMMER', 'SYSTEMS ANALYST', 'DEVELOPER']","['PLANO-TX', 'NEW YORK-NY', 'ROCKVILLE-MD', 'CHICAGO-IL', 'EDISON-NJ', 'EAST BRUNSWICK-NJ', 'PHILADELPHIA-PA', 'SUNNYVALE-CA', 'SAN FRANCISCO-CA', 'HOUSTON-TX', 'DURHAM-NC', 'TAMPA-FL', 'ISELIN-NJ', 'IRVING-TX', 'SAN JOSE-CA', 'RICHARDSON-TX', 'DALLAS-TX', 'PISCATAWAY-NJ', 'TROY-MI', 'SANTA CLARA-CA']","['NEW YORK-NY', 'SAN FRANCISCO-CA', 'HOUSTON-TX', 'ATLANTA-GA', 'CHICAGO-IL', 'SAN JOSE-CA', 'SUNNYVALE-CA', 'CHARLOTTE-NC', 'BOSTON-MA', 'REDMOND-WA', 'JERSEY CITY-NJ', 'SEATTLE-WA', 'DALLAS-TX', 'IRVING-TX', 'PHOENIX-AZ', 'PHILADELPHIA-PA', 'AUSTIN-TX', 'MOUNTAIN VIEW-CA', 'LOS ANGELES-CA', 'SAN DIEGO-CA']",37298,45400,38.34,46.67
2015Q4,CERTIFIED-WITHDRAWN,12929,14254,17534,99193,137280000,16610,73558,279230,293,"['54151', '61131', '52311', '54133', '51121']","['SOFTWARE ENGINEER', 'PROGRAMMER ANALYST', 'COMPUTER PROGRAMMER', 'SYSTEMS ANALYST', 'SOFTWARE DEVELOPER']","['NEW YORK-NY', 'MOUNTAIN VIEW-CA', 'HOUSTON-TX', 'SAN FRANCISCO-CA', 'TROY-MI', 'EAST BRUNSWICK-NJ', 'FREMONT-CA', 'CHICAGO-IL', 'SANTA CLARA-CA', 'ATLANTA-GA', 'PLANO-TX', 'PISCATAWAY-NJ', 'BOSTON-MA', 'ROUND ROCK-TX', 'ADDISON-TX', 'ALPHARETTA-GA', 'SAN JOSE-CA', 'DALLAS-TX', 'IRVING-TX', 'SUNNYVALE-CA']","['NEW YORK-NY', 'MOUNTAIN VIEW-CA', 'SAN FRANCISCO-CA', 'HOUSTON-TX', 'SAN JOSE-CA', 'SUNNYVALE-CA', 'ATLANTA-GA', 'BOSTON-MA', 'CHICAGO-IL', 'ALPHARETTA-GA', 'PLANO-TX', 'AUSTIN-TX', 'SANTA CLARA-CA', 'ADDISON-TX', 'CAMBRIDGE-MA', 'COLUMBUS-OH', 'SEATTLE-WA', 'MILPITAS-CA', 'PHILADELPHIA-PA', 'REDWOOD CITY-CA']",7662,8755,59.26,67.72
2015Q4,DENIED,1828,3113,16640,90715,1000000,15080,1066699,280610720,4,"['54151', '61131', '54161', '62211', '54133']","['PROGRAMMER ANALYST', 'SOFTWARE ENGINEER', 'SOFTWARE DEVELOPER', 'COMPUTER PROGRAMMER', 'PHYSICAL THERAPIST']","['NEW YORK-NY', 'HOUSTON-TX', 'CHICAGO-IL', 'PHILADELPHIA-PA', 'TAMPA-FL', 'EAST BRUNSWICK-NJ', 'LOS ANGELES-CA', 'ATLANTA-GA', 'BOSTON-MA', 'MOUNTAIN VIEW-CA', 'IRVING-TX', 'SAN JOSE-CA', 'SAN FRANCISCO-CA', 'BROOKLYN-NY', 'EDISON-NJ', 'IRVINE-CA', 'DURHAM-NC', 'MIAMI-FL', 'SEATTLE-WA', 'AUSTIN-TX']","['NEW YORK-NY', 'HOUSTON-TX', 'LOS ANGELES-CA', 'CHICAGO-IL', 'SAN FRANCISCO-CA', 'BOSTON-MA', 'BROOKLYN-NY', 'IRVING-TX', 'SAN JOSE-CA', 'PLANO-TX', 'AUSTIN-TX', 'ATLANTA-GA', 'JERSEY CITY-NJ', 'WASHINGTON-DC', 'MOUNTAIN VIEW-CA', 'SANTA CLARA-CA', 'BELLEVUE-WA', 'CHARLOTTE-NC', 'PHILADELPHIA-PA', 'PITTSBURGH-PA']",1077,1244,58.92,68.05
2015Q4,WITHDRAWN,4041,5337,30000,14050164,55000106500,16952,76313,250000,166,"['54151', '61131', '33441', '52311', '45411']","['PROGRAMMER ANALYST', 'SOFTWARE ENGINEER', 'PHYSICAL THERAPIST', 'COMPUTER PROGRAMMER', 'SENIOR SOFTWARE ENGINEER']","['NEW YORK-NY', 'SANTA CLARA-CA', 'DURHAM-NC', 'HOUSTON-TX', 'EDISON-NJ', 'SEATTLE-WA', 'SUNNYVALE-CA', 'PLANTATION-FL', 'CHICAGO-IL', 'PLANO-TX', 'SAN JOSE-CA', 'IRVING-TX', 'SAN FRANCISCO-CA', 'ALISO VIEJO-CA', 'ROUND ROCK-TX', 'MILPITAS-CA', 'STAMFORD-CT', 'ATLANTA-GA', 'NASHVILLE-TN', 'BOSTON-MA']","['NEW YORK-NY', 'HOUSTON-TX', 'SEATTLE-WA', 'SAN FRANCISCO-CA', 'SUNNYVALE-CA', 'SANTA CLARA-CA', 'SAN JOSE-CA', 'AUSTIN-TX', 'CHICAGO-IL', 'ATLANTA-GA', 'MALTA-NY', 'SAN DIEGO-CA', 'HILLSBORO-OR', 'CHARLOTTE-NC', 'BOSTON-MA', 'DALLAS-TX', 'IRVING-TX', 'LOS ANGELES-CA', 'COLUMBUS-IN', 'MOUNTAIN VIEW-CA']",1949,2305,48.23,57.04
2016Q1,CERTIFIED,75035,218076,7800,60773,83200000,15600,78080,338525,6,"['54151', '61131', '54161', '51121', '54121']","['PROGRAMMER ANALYST', 'SOFTWARE ENGINEER', 'SYSTEMS ANALYST', 'SOFTWARE DEVELOPER', 'COMPUTER PROGRAMMER']","['PLANO-TX', 'NEW YORK-NY', 'DURHAM-NC', 'EAST BRUNSWICK-NJ', 'CHICAGO-IL', 'PHILADELPHIA-PA', 'ROCKVILLE-MD', 'EDISON-NJ', 'SAN FRANCISCO-CA', 'REDMOND-WA', 'SECAUCUS-NJ', 'SAN JOSE-CA', 'COLLEGE STATION-TX', 'SUNNYVALE-CA', 'HOUSTON-TX', 'SANTA CLARA-CA', 'TAMPA-FL', 'SEATTLE-WA', 'MOUNTAIN VIEW-CA', 'IRVING-TX']","['NEW YORK-NY', 'SAN FRANCISCO-CA', 'HOUSTON-TX', 'ATLANTA-GA', 'SAN JOSE-CA', 'CHICAGO-IL', 'REDMOND-WA', 'SUNNYVALE-CA', 'SEATTLE-WA', 'BOSTON-MA', 'CHARLOTTE-NC', 'MOUNTAIN VIEW-CA', 'DALLAS-TX', 'PHOENIX-AZ', 'BELLEVUE-WA', 'IRVING-TX', 'AUSTIN-TX', 'PHILADELPHIA-PA', 'SAN DIEGO-CA', 'JERSEY CITY-NJ']",29128,34845,38.82,46.44
2016Q1,CERTIFIED-WITHDRAWN,8922,10967,11000,96967,187967520,16590,72725,411200,5,"['54151', '61131', '33441', '52311', '51121']","['PROGRAMMER ANALYST', 'SOFTWARE ENGINEER', 'ASSISTANT PROFESSOR', 'SOFTWARE DEVELOPER', 'SYSTEMS ANALYST']","['NEW YORK-NY', 'HOUSTON-TX', 'CHICAGO-IL', 'SAN FRANCISCO-CA', 'PISCATAWAY-NJ', 'MOUNTAIN VIEW-CA', 'DURHAM-NC', 'IRVING-TX', 'IRVINE-CA', 'EDISON-NJ', 'ISELIN-NJ', 'DALLAS-TX', 'PLANO-TX', 'EAST BRUNSWICK-NJ', 'ATLANTA-GA', 'SUNNYVALE-CA', 'BOSTON-MA', 'CAMBRIDGE-MA', 'CUPERTINO-CA', 'SAN JOSE-CA']","['NEW YORK-NY', 'HOUSTON-TX', 'SAN FRANCISCO-CA', 'SUNNYVALE-CA', 'CHICAGO-IL', 'MOUNTAIN VIEW-CA', 'SAN JOSE-CA', 'BOSTON-MA', 'ATLANTA-GA', 'PISCATAWAY-NJ', 'SANTA CLARA-CA', 'AUSTIN-TX', 'NAPERVILLE-IL', 'CAMBRIDGE-MA', 'DALLAS-TX', 'PHILADELPHIA-PA', 'PHOENIX-AZ', 'PITTSBURGH-PA', 'IRVINE-CA', 'SAN DIEGO-CA']",5087,5930,57.02,66.46
2016Q1,DENIED,1236,2162,0,312006,233497680,0,1177294,218915840,4,"['54151', '61131', '54161', '54133', '54121']","['PROGRAMMER ANALYST', 'SOFTWARE ENGINEER', 'SOFTWARE DEVELOPER', 'PHYSICAL THERAPIST', 'SYSTEMS ANALYST']","['NEW YORK-NY', 'DURHAM-NC', 'SAN FRANCISCO-CA', 'HOUSTON-TX', 'CHICAGO-IL', 'PHILADELPHIA-PA', 'LOS ANGELES-CA', 'SAN JOSE-CA', 'TAMPA-FL', 'MOUNTAIN VIEW-CA', 'WASHINGTON-DC', 'SAN DIEGO-CA', 'SECAUCUS-NJ', 'DALLAS-TX', 'BOSTON-MA', 'ATLANTA-GA', 'SANTA CLARA-CA', 'EDISON-NJ', 'MECHANICSBURG-PA', 'PORTLAND-OR']","['NEW YORK-NY', 'SAN FRANCISCO-CA', 'HOUSTON-TX', 'CHICAGO-IL', 'LOS ANGELES-CA', 'SAN JOSE-CA', 'ATLANTA-GA', 'WASHINGTON-DC', 'SANTA CLARA-CA', 'PORTLAND-OR', 'SAN DIEGO-CA', 'MOUNTAIN VIEW-CA', 'DALLAS-TX', 'PLANO-TX', 'BROOKLYN-NY', 'PALO ALTO-CA', 'BOSTON-MA', 'PHILADELPHIA-PA', 'SEATTLE-WA', 'PHOENIX-AZ']",759,849,61.41,68.69
2016Q1,WITHDRAWN,3911,18942,12147,170198,219544000,17040,74178,266240,152,"['54151', '61131', '54133', '51121', '45411']","['SYSTEM ANALYST JC65', 'SOFTWARE ENGINEER', 'PROGRAMMER ANALYST', 'SENIOR SYSTEMS ANALYST JC60', 'SYSTEMS ANALYST JC65']","['DURHAM-NC', 'COLLEGE STATION-TX', 'NEW YORK-NY', 'RTP-NC', 'EDISON-NJ', 'ISELIN-NJ', 'SANTA CLARA-CA', 'HOUSTON-TX', 'SEATTLE-WA', 'ALISO VIEJO-CA', 'MOUNTAIN VIEW-CA', 'MILPITAS-CA', 'NASHVILLE-TN', 'SAN FRANCISCO-CA', 'CHICAGO-IL', 'SUNNYVALE-CA', 'IRVING-TX', 'PLANO-TX', 'PISCATAWAY-NJ', 'SAN JOSE-CA']","['NEW YORK-NY', 'HOUSTON-TX', 'SAN FRANCISCO-CA', 'CHICAGO-IL', 'SEATTLE-WA', 'ATLANTA-GA', 'SAN JOSE-CA', 'SUNNYVALE-CA', 'PHOENIX-AZ', 'DALLAS-TX', 'SANTA CLARA-CA', 'BOSTON-MA', 'CHARLOTTE-NC', 'AUSTIN-TX', 'LOS ANGELES-CA', 'MOUNTAIN VIEW-CA', 'MIDDLETOWN-NJ', 'PALO ALTO-CA', 'COLUMBUS-IN', 'FOSTER CITY-CA']",1317,1618,33.67,41.37
2016Q2,CERTIFIED,285097,572772,8476,50494,140400000,15080,70106,91199680,5,"['54151', '5416', '54161', '54133', '54121']","['PROGRAMMER ANALYST', 'SOFTWARE ENGINEER', 'SOFTWARE DEVELOPER', 'COMPUTER PROGRAMMER', 'SYSTEMS ANALYST']","['PLANO-TX', 'NEW YORK-NY', 'EDISON-NJ', 'CHICAGO-IL', 'IRVING-TX', 'PHILADELPHIA-PA', 'DURHAM-NC', 'HOUSTON-TX', 'ROCKVILLE-MD', 'SAN JOSE-CA', 'EAST BRUNSWICK-NJ', 'SUNNYVALE-CA', 'SAN FRANCISCO-CA', 'SANTA CLARA-CA', 'PISCATAWAY-NJ', 'TROY-MI', 'DALLAS-TX', 'MOUNTAIN VIEW-CA', 'PRINCETON-NJ', 'FREMONT-CA']","['NEW YORK-NY', 'HOUSTON-TX', 'SAN FRANCISCO-CA', 'ATLANTA-GA', 'CHICAGO-IL', 'SAN JOSE-CA', 'IRVING-TX', 'SUNNYVALE-CA', 'DALLAS-TX', 'PLANO-TX', 'AUSTIN-TX', 'SANTA CLARA-CA', 'MOUNTAIN VIEW-CA', 'BOSTON-MA', 'REDMOND-WA', 'ALPHARETTA-GA', 'CHARLOTTE-NC', 'PRINCETON-NJ', 'SEATTLE-WA', 'PHILADELPHIA-PA']",138373,161433,48.54,56.62
2016Q2,CERTIFIED-WITHDRAWN,10473,19378,12459,51072,450000,17118,70349,328972,5,"['54151', '61131', '5416', '54171', '54133']","['PROGRAMMER ANALYST', 'SOFTWARE ENGINEER', 'ASSISTANT PROFESSOR', 'SYSTEMS ANALYST', 'SOFTWARE DEVELOPER']","['NEW YORK-NY', 'DURHAM-NC', 'HOUSTON-TX', 'COLLEGE STATION-TX', 'EDISON-NJ', 'BELLEVUE-WA', 'ISELIN-NJ', 'MOUNTAIN VIEW-CA', 'FREMONT-CA', 'SAN FRANCISCO-CA', 'ATLANTA-GA', 'CHICAGO-IL', 'PISCATAWAY-NJ', 'CUPERTINO-CA', 'LOUISVILLE-KY', 'IRVING-TX', 'MONTVILLE-NJ', 'SAN JOSE-CA', 'BOSTON-MA', 'EAST BRUNSWICK-NJ']","['NEW YORK-NY', 'HOUSTON-TX', 'SAN FRANCISCO-CA', 'BELLEVUE-WA', 'SUNNYVALE-CA', 'MOUNTAIN VIEW-CA', 'CHICAGO-IL', 'ATLANTA-GA', 'SAN JOSE-CA', 'BOSTON-MA', 'PHILADELPHIA-PA', 'REDMOND-WA', 'FREMONT-CA', 'PISCATAWAY-NJ', 'EDISON-NJ', 'NEW BRUNSWICK-NJ', 'AUSTIN-TX', 'NORTH KANSAS CITY-MO', 'CHARLOTTE-NC', 'DALLAS-TX']",5596,6341,53.43,60.55
2016Q2,DENIED,4450,7252,1950,88898,81120000,0,1064778,329139200,3,"['54151', '54161', '54133', '61131', '54121']","['PROGRAMMER ANALYST', 'SOFTWARE ENGINEER', 'SOFTWARE DEVELOPER', 'ACCOUNTANT', 'COMPUTER PROGRAMMER']","['NEW YORK-NY', 'HOUSTON-TX', 'TROY-MI', 'SAN FRANCISCO-CA', 'LOS ANGELES-CA', 'CHICAGO-IL', 'SAN JOSE-CA', 'PHILADELPHIA-PA', 'DALLAS-TX', 'SANTA CLARA-CA', 'BOSTON-MA', 'BROOKLYN-NY', 'MOUNTAIN VIEW-CA', 'SAN DIEGO-CA', 'ALPHARETTA-GA', 'RICHARDSON-TX', 'WASHINGTON-DC', 'ATLANTA-GA', 'IRVING-TX', 'DURHAM-NC']","['NEW YORK-NY', 'SAN FRANCISCO-CA', 'TROY-MI', 'HOUSTON-TX', 'LOS ANGELES-CA', 'CHICAGO-IL', 'ATLANTA-GA', 'SAN JOSE-CA', 'WASHINGTON-DC', 'BROOKLYN-NY', 'RICHARDSON-TX', 'DALLAS-TX', 'BOSTON-MA', 'SAN DIEGO-CA', 'MOUNTAIN VIEW-CA', 'IRVING-TX', 'MIAMI-FL', 'SEATTLE-WA', 'ALPHARETTA-GA', 'SUNNYVALE-CA']",3369,3651,75.71,82.04
2016Q2,WITHDRAWN,9473,14384,0,172310,270400000,0,132717,135848960,54,"['54151', '54133', '5416', '61131', '54161']","['PROGRAMMER ANALYST', 'SOFTWARE ENGINEER', 'SOFTWARE DEVELOPER', 'SYSTEMS ANALYST', 'COMPUTER PROGRAMMER']","['NEW YORK-NY', 'IRVING-TX', 'DURHAM-NC', 'EDISON-NJ', 'SANTA CLARA-CA', 'HOUSTON-TX', 'PLANO-TX', 'NASHVILLE-TN', 'ISELIN-NJ', 'SAN JOSE-CA', 'SAN FRANCISCO-CA', 'CHICAGO-IL', 'PISCATAWAY-NJ', 'FREMONT-CA', 'RICHARDSON-TX', 'ALISO VIEJO-CA', 'SOUTH PLAINFIELD-NJ', 'DALLAS-TX', 'HERNDON-VA', 'LOS ANGELES-CA']","['NEW YORK-NY', 'IRVING-TX', 'HOUSTON-TX', 'CHICAGO-IL', 'SAN FRANCISCO-CA', 'ATLANTA-GA', 'DALLAS-TX', 'SAN JOSE-CA', 'SANTA CLARA-CA', 'SUNNYVALE-CA', 'RICHARDSON-TX', 'COLUMBUS-IN', 'LOS ANGELES-CA', 'PLANO-TX', 'SEATTLE-WA', 'PISCATAWAY-NJ', 'SOMERSET-NJ', 'ISELIN-NJ', 'MOUNTAIN VIEW-CA', 'AUSTIN-TX']",5065,5966,53.47,62.98
2016Q3,CERTIFIED,105791,191350,8555,59024,1038078,16598,77873,631700,5,"['54151', '61131', '54161', '5416', '62211']","['PROGRAMMER ANALYST', 'SOFTWARE ENGINEER', 'SYSTEMS ANALYST', 'SOFTWARE DEVELOPER', 'COMPUTER PROGRAMMER']","['NEW YORK-NY', 'PLANO-TX', 'CHICAGO-IL', 'ROCKVILLE-MD', 'EDISON-NJ', 'PHILADELPHIA-PA', 'EAST BRUNSWICK-NJ', 'TROY-MI', 'SAN FRANCISCO-CA', 'HOUSTON-TX', 'SAN JOSE-CA', 'SUNNYVALE-CA', 'IRVING-TX', 'BOSTON-MA', 'DURHAM-NC', 'SECAUCUS-NJ', 'SEATTLE-WA', 'SANTA CLARA-CA', 'MOUNTAIN VIEW-CA', 'COLLEGE STATION-TX']","['NEW YORK-NY', 'SAN FRANCISCO-CA', 'HOUSTON-TX', 'CHICAGO-IL', 'ATLANTA-GA', 'SAN JOSE-CA', 'SUNNYVALE-CA', 'BOSTON-MA', 'SEATTLE-WA', 'REDMOND-WA', 'IRVING-TX', 'CHARLOTTE-NC', 'AUSTIN-TX', 'PHOENIX-AZ', 'DALLAS-TX', 'PHILADELPHIA-PA', 'MOUNTAIN VIEW-CA', 'JERSEY CITY-NJ', 'LOS ANGELES-CA', 'SANTA CLARA-CA']",47489,56147,44.89,53.07
2016Q3,CERTIFIED-WITHDRAWN,13434,18824,8830,64040,83200000,16848,70977,327529,5,"['54151', '61131', '54133', '51121', '54171']","['PROGRAMMER ANALYST', 'SOFTWARE ENGINEER', 'SYSTEMS ANALYST', 'SOFTWARE DEVELOPER', 'COMPUTER PROGRAMMER']","['EAST BRUNSWICK-NJ', 'NEW YORK-NY', 'HOUSTON-TX', 'IRVING-TX', 'MOUNTAIN VIEW-CA', 'CHICAGO-IL', 'SAN FRANCISCO-CA', 'TROY-MI', 'DALLAS-TX', 'TAMPA-FL', 'ATLANTA-GA', 'BELLEVUE-WA', 'COLLEGE STATION-TX', 'SOMERSET-NJ', 'SOUTH PLAINFIELD-NJ', 'ASHBURN-VA', 'CHANTILLY-VA', 'PLANO-TX', 'FARMINGTON HILLS-MI', 'PISCATAWAY-NJ']","['NEW YORK-NY', 'HOUSTON-TX', 'SAN FRANCISCO-CA', 'CHICAGO-IL', 'BELLEVUE-WA', 'SUNNYVALE-CA', 'ATLANTA-GA', 'MORRISVILLE-NC', 'MOUNTAIN VIEW-CA', 'BOSTON-MA', 'SAN JOSE-CA', 'CARY-NC', 'DALLAS-TX', 'IRVING-TX', 'AUSTIN-TX', 'REDMOND-WA', 'MILPITAS-CA', 'SEATTLE-WA', 'PLANO-TX', 'LOS ANGELES-CA']",7117,8138,52.98,60.58
2016Q3,DENIED,1621,2518,18,332668,194558000,0,700299,259496640,3,"['54151', '61131', '54161', '62211', '5416']","['PROGRAMMER ANALYST', 'SOFTWARE ENGINEER', 'SOFTWARE DEVELOPER', 'SENIOR SOFTWARE ENGINEER', 'ASSISTANT PROFESSOR']","['NEW YORK-NY', 'SAN JOSE-CA', 'HOUSTON-TX', 'PHILADELPHIA-PA', 'CHICAGO-IL', 'LOS ANGELES-CA', 'SAN FRANCISCO-CA', 'SEATTLE-WA', 'SUNNYVALE-CA', 'SECAUCUS-NJ', 'PALO ALTO-CA', 'BROOKLYN-NY', 'BOSTON-MA', 'JERSEY CITY-NJ', 'MIAMI-FL', 'SAN DIEGO-CA', 'SANTA CLARA-CA', 'ATLANTA-GA', 'IRVING-TX', 'WASHINGTON-DC']","['NEW YORK-NY', 'HOUSTON-TX', 'SAN JOSE-CA', 'CHICAGO-IL', 'SAN FRANCISCO-CA', 'LOS ANGELES-CA', 'ATLANTA-GA', 'DALLAS-TX', 'BROOKLYN-NY', 'SEATTLE-WA', 'SAN DIEGO-CA', 'PALO ALTO-CA', 'BOSTON-MA', 'IRVING-TX', 'WASHINGTON-DC', 'MIAMI-FL', 'SUNNYVALE-CA', 'SANTA CLARA-CA', 'BELLEVUE-WA', 'COLUMBUS-OH']",1131,1230,69.77,75.88
2016Q3,WITHDRAWN,4279,5337,11050,341385,274560000,17490,75702,271606,211,"['54151', '61131', '5416', '54133', '62211']","['SOFTWARE ENGINEER', 'PROGRAMMER ANALYST', 'COMPUTER PROGRAMMER', 'ASSISTANT PROFESSOR', 'SYSTEMS ANALYST']","['NEW YORK-NY', 'DURHAM-NC', 'HOUSTON-TX', 'EDISON-NJ', 'PLANO-TX', 'CHICAGO-IL', 'NASHVILLE-TN', 'SUNNYVALE-CA', 'RTP-NC', 'MOUNTAIN VIEW-CA', 'SAN JOSE-CA', 'ISELIN-NJ', 'ATLANTA-GA', 'EAST BRUNSWICK-NJ', 'SAN FRANCISCO-CA', 'DALLAS-TX', 'PALO ALTO-CA', 'IRVING-TX', 'BOSTON-MA', 'LOUISVILLE-KY']","['NEW YORK-NY', 'HOUSTON-TX', 'ATLANTA-GA', 'SAN FRANCISCO-CA', 'SUNNYVALE-CA', 'CHICAGO-IL', 'SAN JOSE-CA', 'MOUNTAIN VIEW-CA', 'ALPHARETTA-GA', 'COLUMBUS-IN', 'DALLAS-TX', 'IRVING-TX', 'AUSTIN-TX', 'BOSTON-MA', 'COLUMBUS-OH', 'SANTA CLARA-CA', 'WASHINGTON-DC', 'PHILADELPHIA-PA', 'LOS ANGELES-CA', 'PALO ALTO-CA']",1985,2332,46.39,54.5
2016Q4,CERTIFIED,92471,183041,9000,62107,687500,15080,80119,387132,5,"['54151', '5416', '61131', '54161', '54121']","['PROGRAMMER ANALYST', 'SOFTWARE ENGINEER', 'SOFTWARE ENGINEER 2', 'SYSTEMS ANALYST', 'SOFTWARE DEVELOPER']","['CHICAGO-IL', 'NEW YORK-NY', 'PLANO-TX', 'ROCKVILLE-MD', 'PHILADELPHIA-PA', 'EDISON-NJ', 'TROY-MI', 'HOUSTON-TX', 'SAN FRANCISCO-CA', 'SUNNYVALE-CA', 'SAN JOSE-CA', 'IRVING-TX', 'SECAUCUS-NJ', 'SEATTLE-WA', 'SANTA CLARA-CA', 'BOSTON-MA', 'MOUNTAIN VIEW-CA', 'EAST BRUNSWICK-NJ', 'DURHAM-NC', 'REDMOND-WA']","['NEW YORK-NY', 'SAN FRANCISCO-CA', 'HOUSTON-TX', 'ATLANTA-GA', 'CHICAGO-IL', 'SAN JOSE-CA', 'SUNNYVALE-CA', 'SEATTLE-WA', 'PHOENIX-AZ', 'CHARLOTTE-NC', 'REDMOND-WA', 'IRVING-TX', 'DALLAS-TX', 'PHILADELPHIA-PA', 'BOSTON-MA', 'JERSEY CITY-NJ', 'MOUNTAIN VIEW-CA', 'AUSTIN-TX', 'LOS ANGELES-CA', 'SANTA CLARA-CA']",35349,42583,38.23,46.05
2016Q4,CERTIFIED-WITHDRAWN,13259,14770,10816,57710,412500,17400,74698,387132,5,"['54151', '61131', '52311', '54133', '51121']","['SOFTWARE ENGINEER', 'PROGRAMMER ANALYST', 'SOFTWARE DEVELOPER', 'ASSISTANT PROFESSOR', 'SYSTEMS ANALYST']","['MOUNTAIN VIEW-CA', 'NEW YORK-NY', 'HOUSTON-TX', 'BELLEVUE-WA', 'IRVING-TX', 'CHICAGO-IL', 'SAN FRANCISCO-CA', 'ATLANTA-GA', 'TROY-MI', 'PISCATAWAY-NJ', 'PLANO-TX', 'SOUTH PLAINFIELD-NJ', 'NORTH KANSAS CITY-MO', 'EDISON-NJ', 'DALLAS-TX', 'SUNNYVALE-CA', 'SAN JOSE-CA', 'LOUISVILLE-KY', 'BOSTON-MA', 'AUSTIN-TX']","['NEW YORK-NY', 'MOUNTAIN VIEW-CA', 'HOUSTON-TX', 'BELLEVUE-WA', 'SAN FRANCISCO-CA', 'SUNNYVALE-CA', 'CHICAGO-IL', 'IRVING-TX', 'SAN JOSE-CA', 'NORTH KANSAS CITY-MO', 'ATLANTA-GA', 'BOSTON-MA', 'AUSTIN-TX', 'DALLAS-TX', 'PALO ALTO-CA', 'PLANO-TX', 'DULUTH-GA', 'SANTA CLARA-CA', 'PHILADELPHIA-PA', 'SEATTLE-WA']",8214,9264,61.95,69.87
2016Q4,DENIED,1640,3251,8497,64442,450000,0,957669,192264800,3,"['54151', '54161', '61131', '5416', '54133']","['PROGRAMMER ANALYST', 'SOFTWARE ENGINEER', 'SENIOR SOFTWARE ENGINEER', 'PROJECT MANAGER', 'SENIOR CONSULTANT']","['NEW YORK-NY', 'PHILADELPHIA-PA', 'EAST BRUNSWICK-NJ', 'CHICAGO-IL', 'HOUSTON-TX', 'SAN FRANCISCO-CA', 'BOSTON-MA', 'SAN DIEGO-CA', 'ATLANTA-GA', 'DURHAM-NC', 'SAN JOSE-CA', 'DALLAS-TX', 'IRVING-TX', 'SEATTLE-WA', 'BROOKLYN-NY', 'MOUNTAIN VIEW-CA', 'IRVINE-CA', 'LOS ANGELES-CA', 'SANTA CLARA-CA', 'ALPHARETTA-GA']","['NEW YORK-NY', 'HOUSTON-TX', 'SAN FRANCISCO-CA', 'ATLANTA-GA', 'CHICAGO-IL', 'BOSTON-MA', 'SAN JOSE-CA', 'SAN DIEGO-CA', 'LOS ANGELES-CA', 'SEATTLE-WA', 'MOUNTAIN VIEW-CA', 'BROOKLYN-NY', 'DALLAS-TX', 'SUNNYVALE-CA', 'BELLEVUE-WA', 'MINNEAPOLIS-MN', 'IRVINE-CA', 'PHILADELPHIA-PA', 'JERSEY CITY-NJ', 'PLANO-TX']",1008,1128,61.46,68.78
2016Q4,WITHDRAWN,3697,5205,9870,353397,264030000,15080,108974,110323200,158,"['54151', '61131', '54133', '45411', '54161']","['PROGRAMMER ANALYST', 'SOFTWARE ENGINEER', 'SYSTEMS ANALYST', 'SENIOR SOFTWARE ENGINEER', 'SOFTWARE DEVELOPER']","['DURHAM-NC', 'NEW YORK-NY', 'EDISON-NJ', 'SEATTLE-WA', 'MOUNTAIN VIEW-CA', 'DALLAS-TX', 'HOUSTON-TX', 'CHICAGO-IL', 'PLANO-TX', 'NASHVILLE-TN', 'RTP-NC', 'BUFFALO-NY', 'COLLEGE STATION-TX', 'IRVING-TX', 'TROY-MI', 'ATLANTA-GA', 'BOSTON-MA', 'SANTA CLARA-CA', 'PISCATAWAY-NJ', 'SAN FRANCISCO-CA']","['NEW YORK-NY', 'HOUSTON-TX', 'MOUNTAIN VIEW-CA', 'SEATTLE-WA', 'SAN FRANCISCO-CA', 'DALLAS-TX', 'ATLANTA-GA', 'CHICAGO-IL', 'PHOENIX-AZ', 'SUNNYVALE-CA', 'SAN JOSE-CA', 'COLUMBUS-IN', 'BOSTON-MA', 'IRVING-TX', 'JERSEY CITY-NJ', 'LOS ANGELES-CA', 'REDMOND-WA', 'AUSTIN-TX', 'PLANO-TX', 'COLUMBUS-OH']",1592,1922,43.06,51.99
2017Q1,CERTIFIED,75298,157952,9870,60779,750880,15080,80474,520000,5,"['54151', '61131', '5416', '54161', '54121']","['PROGRAMMER ANALYST', 'SOFTWARE ENGINEER', 'SOFTWARE DEVELOPER', 'SYSTEMS ANALYST', 'SENIOR SOFTWARE ENGINEER']","['PLANO-TX', 'CHICAGO-IL', 'NEW YORK-NY', 'DURHAM-NC', 'ROCKVILLE-MD', 'PHILADELPHIA-PA', 'EDISON-NJ', 'TROY-MI', 'REDMOND-WA', 'SAN FRANCISCO-CA', 'SECAUCUS-NJ', 'SAN JOSE-CA', 'SUNNYVALE-CA', 'SEATTLE-WA', 'TAMPA-FL', 'SANTA CLARA-CA', 'MOUNTAIN VIEW-CA', 'HOUSTON-TX', 'EAST BRUNSWICK-NJ', 'IRVING-TX']","['NEW YORK-NY', 'SAN FRANCISCO-CA', 'HOUSTON-TX', 'SAN JOSE-CA', 'CHICAGO-IL', 'ATLANTA-GA', 'SEATTLE-WA', 'REDMOND-WA', 'SUNNYVALE-CA', 'DALLAS-TX', 'PHOENIX-AZ', 'IRVING-TX', 'MOUNTAIN VIEW-CA', 'BOSTON-MA', 'CHARLOTTE-NC', 'AUSTIN-TX', 'SANTA CLARA-CA', 'BELLEVUE-WA', 'PHILADELPHIA-PA', 'LOS ANGELES-CA']",28990,35296,38.5,46.88
2017Q1,CERTIFIED-WITHDRAWN,9659,10787,13000,59916,800000,16880,73745,567840,5,"['54151', '61131', '5416', '51121', '52392']","['PROGRAMMER ANALYST', 'SOFTWARE ENGINEER', 'SOFTWARE DEVELOPER', 'SOFTWARE ENGINEER 2', 'ASSISTANT PROFESSOR']","['NEW YORK-NY', 'HOUSTON-TX', 'REDMOND-WA', 'DURHAM-NC', 'MOUNTAIN VIEW-CA', 'PLANO-TX', 'SAN FRANCISCO-CA', 'SOUTH PLAINFIELD-NJ', 'CHICAGO-IL', 'TROY-MI', 'WOODBRIDGE-NJ', 'IRVING-TX', 'FARMINGTON HILLS-MI', 'STERLING-VA', 'DALLAS-TX', 'CUPERTINO-CA', 'EDISON-NJ', 'TAMPA-FL', 'LOUISVILLE-KY', 'AUSTIN-TX']","['NEW YORK-NY', 'HOUSTON-TX', 'SAN FRANCISCO-CA', 'SUNNYVALE-CA', 'CHICAGO-IL', 'MOUNTAIN VIEW-CA', 'REDMOND-WA', 'ATLANTA-GA', 'BELLEVUE-WA', 'SAN JOSE-CA', 'IRVING-TX', 'WOODBRIDGE-NJ', 'AUSTIN-TX', 'BOSTON-MA', 'DALLAS-TX', 'RICHMOND-VA', 'PLANO-TX', 'CAMBRIDGE-MA', 'SEATTLE-WA', 'SOMERSET-NJ']",5102,5965,52.82,61.76
2017Q1,DENIED,1319,2310,8372,114075,69680000,0,1544967,195813280,3,"['54151', '54161', '61131', '54121', '54133']","['PROGRAMMER ANALYST', 'SOFTWARE ENGINEER', 'SOFTWARE DEVELOPER', 'SENIOR SOFTWARE ENGINEER', 'SENIOR CONSULTANT']","['NEW YORK-NY', 'PHILADELPHIA-PA', 'HOUSTON-TX', 'CHICAGO-IL', 'LOS ANGELES-CA', 'SAN FRANCISCO-CA', 'BOSTON-MA', 'DURHAM-NC', 'SAN JOSE-CA', 'MOUNTAIN VIEW-CA', 'BROOKLYN-NY', 'DALLAS-TX', 'IRVINE-CA', 'SEATTLE-WA', 'PLANO-TX', 'BELLEVUE-WA', 'EDISON-NJ', 'PALO ALTO-CA', 'TAMPA-FL', 'IRVING-TX']","['NEW YORK-NY', 'SAN FRANCISCO-CA', 'HOUSTON-TX', 'CHICAGO-IL', 'LOS ANGELES-CA', 'BROOKLYN-NY', 'BOSTON-MA', 'SAN JOSE-CA', 'PHILADELPHIA-PA', 'SEATTLE-WA', 'ATLANTA-GA', 'AUSTIN-TX', 'SUNNYVALE-CA', 'WASHINGTON-DC', 'CHARLOTTE-NC', 'PALO ALTO-CA', 'MOUNTAIN VIEW-CA', 'MIAMI-FL', 'SAN DIEGO-CA', 'BELLEVUE-WA']",861,962,65.28,72.93
2017Q1,WITHDRAWN,3112,4214,13894,249400,343861440,15600,78554,524778,193,"['54151', '61131', '45411', '54133', '54171']","['PROGRAMMER ANALYST', 'SOFTWARE ENGINEER', 'SYSTEMS ANALYST', 'MANAGING CONSULTANT', 'APPLICATION DEVELOPER']","['DURHAM-NC', 'NEW YORK-NY', 'SEATTLE-WA', 'HOUSTON-TX', 'EDISON-NJ', 'CHICAGO-IL', 'NASHVILLE-TN', 'TROY-MI', 'MOUNTAIN VIEW-CA', 'SAN FRANCISCO-CA', 'IRVING-TX', 'PLANO-TX', 'DALLAS-TX', 'PALO ALTO-CA', 'SUNNYVALE-CA', 'SAN JOSE-CA', 'BOSTON-MA', 'ATLANTA-GA', 'RTP-NC', 'CUPERTINO-CA']","['NEW YORK-NY', 'HOUSTON-TX', 'SEATTLE-WA', 'SAN FRANCISCO-CA', 'DALLAS-TX', 'ATLANTA-GA', 'SUNNYVALE-CA', 'CHICAGO-IL', 'PHOENIX-AZ', 'SAN JOSE-CA', 'AUSTIN-TX', 'MOUNTAIN VIEW-CA', 'SANTA CLARA-CA', 'COLUMBUS-IN', 'MIDDLETOWN-NJ', 'PHILADELPHIA-PA', 'LOS ANGELES-CA', 'CHARLOTTE-NC', 'IRVING-TX', 'PALO ALTO-CA']",1349,1602,43.35,51.48
2017Q2,CERTIFIED,285811,567448,8372,56855,228800000,15080,73797,414007,5,"['54151', '54161', '5416', '61131', '54133']","['PROGRAMMER ANALYST', 'SOFTWARE ENGINEER', 'SOFTWARE DEVELOPER', 'SYSTEMS ANALYST', 'COMPUTER PROGRAMMER']","['PLANO-TX', 'NEW YORK-NY', 'CHICAGO-IL', 'EDISON-NJ', 'IRVING-TX', 'PHILADELPHIA-PA', 'TROY-MI', 'ROCKVILLE-MD', 'SAN FRANCISCO-CA', 'HOUSTON-TX', 'SANTA CLARA-CA', 'SUNNYVALE-CA', 'DALLAS-TX', 'SAN JOSE-CA', 'MOUNTAIN VIEW-CA', 'DURHAM-NC', 'BOSTON-MA', 'SEATTLE-WA', 'SECAUCUS-NJ', 'PISCATAWAY-NJ']","['NEW YORK-NY', 'SAN FRANCISCO-CA', 'HOUSTON-TX', 'CHICAGO-IL', 'ATLANTA-GA', 'SAN JOSE-CA', 'IRVING-TX', 'DALLAS-TX', 'SEATTLE-WA', 'SUNNYVALE-CA', 'MOUNTAIN VIEW-CA', 'AUSTIN-TX', 'BOSTON-MA', 'SANTA CLARA-CA', 'LOS ANGELES-CA', 'PLANO-TX', 'ALPHARETTA-GA', 'REDMOND-WA', 'CHARLOTTE-NC', 'PALO ALTO-CA']",141961,164563,49.67,57.58
2017Q2,CERTIFIED-WITHDRAWN,10453,11924,12500,54688,879300,15080,71617,326105,5,"['54151', '61131', '54171', '51121', '54133']","['PROGRAMMER ANALYST', 'SOFTWARE ENGINEER', 'COMPUTER PROGRAMMER', 'SYSTEMS ANALYST', 'SOFTWARE DEVELOPER']","['NEW YORK-NY', 'EXTON-PA', 'MOUNTAIN VIEW-CA', 'ATLANTA-GA', 'HOUSTON-TX', 'ISELIN-NJ', 'IRVING-TX', 'SANTA CLARA-CA', 'DURHAM-NC', 'SAN FRANCISCO-CA', 'CHICAGO-IL', 'PLANO-TX', 'TROY-MI', 'EDISON-NJ', 'PISCATAWAY-NJ', 'SOMERSET-NJ', 'LOUISVILLE-KY', 'PALO ALTO-CA', 'FARMINGTON HILLS-MI', 'SAN JOSE-CA']","['NEW YORK-NY', 'EXTON-PA', 'HOUSTON-TX', 'SAN FRANCISCO-CA', 'MOUNTAIN VIEW-CA', 'ATLANTA-GA', 'SUNNYVALE-CA', 'ISELIN-NJ', 'CHICAGO-IL', 'SAN JOSE-CA', 'BOSTON-MA', 'DORAL-FL', 'SANTA CLARA-CA', 'IRVING-TX', 'AUSTIN-TX', 'SAN JUAN CAPISTRANO-CA', 'PALO ALTO-CA', 'ALPHARETTA-GA', 'CARY-NC', 'SAN DIEGO-CA']",5987,6865,57.28,65.67
2017Q2,DENIED,4021,8052,7500,88685,78000000,25,1292485,211604640,4,"['54151', '54161', '54133', '61131', '62211']","['PROGRAMMER ANALYST', 'SOFTWARE ENGINEER', 'SOFTWARE DEVELOPER', 'COMPUTER SYSTEMS ANALYST', 'COMPUTER PROGRAMMER']","['NEW YORK-NY', 'PHILADELPHIA-PA', 'CHICAGO-IL', 'SAN FRANCISCO-CA', 'HOUSTON-TX', 'PLANO-TX', 'MOUNTAIN VIEW-CA', 'SAN JOSE-CA', 'LOS ANGELES-CA', 'SEATTLE-WA', 'DALLAS-TX', 'DURHAM-NC', 'IRVING-TX', 'BOSTON-MA', 'ALPHARETTA-GA', 'TAMPA-FL', 'ATLANTA-GA', 'SANTA CLARA-CA', 'AURORA-IL', 'HERNDON-VA']","['NEW YORK-NY', 'SAN FRANCISCO-CA', 'HOUSTON-TX', 'SAN JOSE-CA', 'LOS ANGELES-CA', 'CHICAGO-IL', 'MOUNTAIN VIEW-CA', 'SEATTLE-WA', 'PLANO-TX', 'DALLAS-TX', 'ATLANTA-GA', 'IRVING-TX', 'SUNNYVALE-CA', 'AURORA-IL', 'AUSTIN-TX', 'BROOKLYN-NY', 'FREMONT-CA', 'SANTA CLARA-CA', 'ALPHARETTA-GA', 'MIAMI-FL']",2783,3054,69.21,75.95
2017Q2,WITHDRAWN,9800,16057,10000,333167,231920000,0,418227,205892960,42,"['54151', '54133', '61131', '54161', '54169']","['PROGRAMMER ANALYST', 'SOFTWARE ENGINEER', 'SOFTWARE DEVELOPER', 'BUSINESS ANALYST', 'SYSTEMS ANALYST']","['DURHAM-NC', 'NEW YORK-NY', 'CHICAGO-IL', 'DALLAS-TX', 'SAN FRANCISCO-CA', 'IRVING-TX', 'EDISON-NJ', 'HOUSTON-TX', 'ISELIN-NJ', 'FREMONT-CA', 'PRINCETON-NJ', 'BELLEVUE-WA', 'SAN JOSE-CA', 'SANTA CLARA-CA', 'PLANO-TX', 'MOUNTAIN VIEW-CA', 'EXTON-PA', 'PISCATAWAY-NJ', 'TROY-MI', 'ATLANTA-GA']","['NEW YORK-NY', 'SAN FRANCISCO-CA', 'DALLAS-TX', 'HOUSTON-TX', 'CHICAGO-IL', 'IRVING-TX', 'SAN JOSE-CA', 'ATLANTA-GA', 'BELLEVUE-WA', 'SUNNYVALE-CA', 'SOUTH PLAINFIELD-NJ', 'AUSTIN-TX', 'SEATTLE-WA', 'FREMONT-CA', 'LOS ANGELES-CA', 'ALPHARETTA-GA', 'COLUMBUS-OH', 'MOUNTAIN VIEW-CA', 'PLANO-TX', 'PRINCETON-NJ']",5495,6353,56.07,64.83
2017Q3,CERTIFIED,91455,170178,8320,60428,65520000,15080,80779,331843,5,"['54151', '61131', '54161', '5416', '54133']","['PROGRAMMER ANALYST', 'SOFTWARE ENGINEER', 'SOFTWARE DEVELOPER', 'SYSTEMS ANALYST', 'DEVELOPER']","['PLANO-TX', 'NEW YORK-NY', 'ROCKVILLE-MD', 'CHICAGO-IL', 'EDISON-NJ', 'PHILADELPHIA-PA', 'SAN FRANCISCO-CA', 'TROY-MI', 'SEATTLE-WA', 'SAN JOSE-CA', 'IRVING-TX', 'SUNNYVALE-CA', 'HOUSTON-TX', 'EAST BRUNSWICK-NJ', 'SANTA CLARA-CA', 'SECAUCUS-NJ', 'TAMPA-FL', 'BOSTON-MA', 'DURHAM-NC', 'DALLAS-TX']","['NEW YORK-NY', 'SAN FRANCISCO-CA', 'HOUSTON-TX', 'CHICAGO-IL', 'ATLANTA-GA', 'SAN JOSE-CA', 'SEATTLE-WA', 'SUNNYVALE-CA', 'IRVING-TX', 'REDMOND-WA', 'BOSTON-MA', 'CHARLOTTE-NC', 'AUSTIN-TX', 'DALLAS-TX', 'PLANO-TX', 'BELLEVUE-WA', 'JERSEY CITY-NJ', 'COLUMBUS-OH', 'PHOENIX-AZ', 'LOS ANGELES-CA']",36579,44468,40.0,48.62
2017Q3,CERTIFIED-WITHDRAWN,15436,24836,12095,55591,63836240,17060,72715,272958,5,"['54151', '61131', '5415', '51121', '54133']","['PROGRAMMER ANALYST', 'SOFTWARE ENGINEER', 'SOFTWARE DEVELOPER', 'SYSTEMS ANALYST', 'COMPUTER PROGRAMMER']","['EAST BRUNSWICK-NJ', 'NEW YORK-NY', 'PISCATAWAY-NJ', 'SOUTH PLAINFIELD-NJ', 'IRVING-TX', 'PLANO-TX', 'EDISON-NJ', 'MOUNTAIN VIEW-CA', 'COLLEGE STATION-TX', 'SAN FRANCISCO-CA', 'SPRINGFIELD-IL', 'HOUSTON-TX', 'DORAL-FL', 'TROY-MI', 'CHICAGO-IL', 'GREENWOOD VILLAGE-CO', 'DALLAS-TX', 'SANTA CLARA-CA', 'ATLANTA-GA', 'REDMOND-WA']","['NEW YORK-NY', 'SAN FRANCISCO-CA', 'HOUSTON-TX', 'SUNNYVALE-CA', 'SOUTH PLAINFIELD-NJ', 'SAN JOSE-CA', 'IRVING-TX', 'DORAL-FL', 'DALLAS-TX', 'CHICAGO-IL', 'MOUNTAIN VIEW-CA', 'SANTA CLARA-CA', 'BELLEVUE-WA', 'REDMOND-WA', 'ATLANTA-GA', 'PISCATAWAY-NJ', 'BOSTON-MA', 'TAMPA-FL', 'AUSTIN-TX', 'PLANO-TX']",7925,9229,51.34,59.79
2017Q3,DENIED,1439,2401,8320,62887,3835000,0,821342,297785280,4,"['54151', '61131', '54161', '62211', '54133']","['PROGRAMMER ANALYST', 'SOFTWARE DEVELOPER', 'SOFTWARE ENGINEER', 'SENIOR SOFTWARE ENGINEER', 'COMPUTER PROGRAMMER']","['NEW YORK-NY', 'SAN FRANCISCO-CA', 'HOUSTON-TX', 'CHICAGO-IL', 'SAN JOSE-CA', 'LOS ANGELES-CA', 'BROOKLYN-NY', 'BOSTON-MA', 'PHILADELPHIA-PA', 'EDISON-NJ', 'MOUNTAIN VIEW-CA', 'SEATTLE-WA', 'IRVING-TX', 'WASHINGTON-DC', 'TAMPA-FL', 'ATLANTA-GA', 'PRINCETON-NJ', 'SAN DIEGO-CA', 'SANTA CLARA-CA', 'SECAUCUS-NJ']","['NEW YORK-NY', 'SAN FRANCISCO-CA', 'SAN JOSE-CA', 'HOUSTON-TX', 'CHICAGO-IL', 'LOS ANGELES-CA', 'BOSTON-MA', 'BROOKLYN-NY', 'AUSTIN-TX', 'WASHINGTON-DC', 'MOUNTAIN VIEW-CA', 'ATLANTA-GA', 'SEATTLE-WA', 'SUNNYVALE-CA', 'IRVING-TX', 'SANTA CLARA-CA', 'PHILADELPHIA-PA', 'CAMBRIDGE-MA', 'DALLAS-TX', 'MIAMI-FL']",957,1072,66.5,74.5
2017Q3,WITHDRAWN,2799,3569,14040,410884,192784384,22464,118032,109197920,49,"['54151', '61131', '54133', '54161', '54171']","['PROGRAMMER ANALYST', 'SOFTWARE ENGINEER', 'SOFTWARE DEVELOPER', 'SYSTEMS ANALYST', 'COMPUTER SYSTEMS ANALYST']","['DURHAM-NC', 'NEW YORK-NY', 'EDISON-NJ', 'CHICAGO-IL', 'SAN JOSE-CA', 'SANTA CLARA-CA', 'HOUSTON-TX', 'TROY-MI', 'SAN FRANCISCO-CA', 'PLANO-TX', 'IRVING-TX', 'HERNDON-VA', 'ATLANTA-GA', 'EAST BRUNSWICK-NJ', 'NORTH BRUNSWICK-NJ', 'PISCATAWAY-NJ', 'MOUNTAIN VIEW-CA', 'PRINCETON-NJ', 'TAMPA-FL', 'ALPHARETTA-GA']","['NEW YORK-NY', 'HOUSTON-TX', 'SAN JOSE-CA', 'SAN FRANCISCO-CA', 'DALLAS-TX', 'SUNNYVALE-CA', 'ATLANTA-GA', 'BOSTON-MA', 'CHARLOTTE-NC', 'CHICAGO-IL', 'TAMPA-FL', 'IRVING-TX', 'SANTA CLARA-CA', 'AUSTIN-TX', 'MOUNTAIN VIEW-CA', 'JERSEY CITY-NJ', 'LOS ANGELES-CA', 'PLANO-TX', 'SAN DIEGO-CA', 'COLUMBUS-OH']",1155,1454,41.26,51.95
2017Q4,CERTIFIED,82727,154612,9360,61700,60392800,15080,85050,349410,5,"['54151', '54151', '61131', '54161', '5416']","['PROGRAMMER ANALYST', 'SOFTWARE ENGINEER', 'SOFTWARE DEVELOPER', 'SYSTEMS ANALYST', 'SENIOR SOFTWARE ENGINEER']","['PLANO-TX', 'CHICAGO-IL', 'NEW YORK-NY', 'ROCKVILLE-MD', 'PHILADELPHIA-PA', 'EDISON-NJ', 'SAN FRANCISCO-CA', 'SEATTLE-WA', 'TROY-MI', 'BELLEVUE-WA', 'IRVING-TX', 'EAST BRUNSWICK-NJ', 'SAN JOSE-CA', 'HOUSTON-TX', 'DURHAM-NC', 'SANTA CLARA-CA', 'SUNNYVALE-CA', 'REDMOND-WA', 'TAMPA-FL', 'SECAUCUS-NJ']","['NEW YORK-NY', 'SAN FRANCISCO-CA', 'SEATTLE-WA', 'CHICAGO-IL', 'ATLANTA-GA', 'HOUSTON-TX', 'SAN JOSE-CA', 'REDMOND-WA', 'SUNNYVALE-CA', 'CHARLOTTE-NC', 'AUSTIN-TX', 'BELLEVUE-WA', 'DALLAS-TX', 'IRVING-TX', 'BOSTON-MA', 'JERSEY CITY-NJ', 'PLANO-TX', 'PHILADELPHIA-PA', 'MOUNTAIN VIEW-CA', 'PHOENIX-AZ']",32419,39311,39.19,47.52
2017Q4,CERTIFIED-WITHDRAWN,13249,14954,13000,57763,3910400,17181,76909,279489,5,"['54151', '61131', '54151', '54133', '52311']","['SOFTWARE ENGINEER', 'PROGRAMMER ANALYST', 'SOFTWARE DEVELOPER', 'PROGRMMER ANALYST', 'COMPUTER SPECIALIST']","['MOUNTAIN VIEW-CA', 'NEW YORK-NY', 'IRVING-TX', 'BELLEVUE-WA', 'CHICAGO-IL', 'DALLAS-TX', 'HOUSTON-TX', 'PRINCETON-NJ', 'PLANO-TX', 'SAN FRANCISCO-CA', 'SANTA CLARA-CA', 'DURHAM-NC', 'NORTH KANSAS CITY-MO', 'TROY-MI', 'RICHMOND-VA', 'ATLANTA-GA', 'BOSTON-MA', 'PISCATAWAY-NJ', 'CAMBRIDGE-MA', 'SAN JOSE-CA']","['NEW YORK-NY', 'MOUNTAIN VIEW-CA', 'SAN FRANCISCO-CA', 'HOUSTON-TX', 'SUNNYVALE-CA', 'CHICAGO-IL', 'IRVING-TX', 'BELLEVUE-WA', 'ATLANTA-GA', 'SAN JOSE-CA', 'BOSTON-MA', 'SANTA CLARA-CA', 'PLANO-TX', 'SEATTLE-WA', 'NORTH KANSAS CITY-MO', 'PRINCETON-NJ', 'DALLAS-TX', 'CAMBRIDGE-MA', 'AUSTIN-TX', 'LOS ANGELES-CA']",7834,8992,59.13,67.87
2017Q4,DENIED,1450,6133,6000,177462,93600000,0,1658652,401360960,2,"['54151', '61131', '54121', '54161', '54151']","['SOFTWARE ENGINEER', 'MANAGEMENT ANALYSTS', 'PROGRAMMER ANALYST', 'SOFTWARE DEVELOPER', 'ASSISTANT PROFESSOR']","['NEW YORK-NY', 'SECAUCUS-NJ', 'PHILADELPHIA-PA', 'REDMOND-WA', 'CHICAGO-IL', 'SAN FRANCISCO-CA', 'HOUSTON-TX', 'BROOKLYN-NY', 'SAN JOSE-CA', 'SEATTLE-WA', 'BRONX-NY', 'MOUNTAIN VIEW-CA', 'BOSTON-MA', 'EDISON-NJ', 'SANTA CLARA-CA', 'IRVING-TX', 'LOS ANGELES-CA', 'SUNNYVALE-CA', 'JERSEY CITY-NJ', 'DURHAM-NC']","['NEW YORK-NY', 'HOUSTON-TX', 'REDMOND-WA', 'SAN FRANCISCO-CA', 'SAN JOSE-CA', 'CHICAGO-IL', 'BROOKLYN-NY', 'CHARLOTTE-NC', 'BRONX-NY', 'SEATTLE-WA', 'LOS ANGELES-CA', 'ATLANTA-GA', 'JERSEY CITY-NJ', 'MOUNTAIN VIEW-CA', 'SUNNYVALE-CA', 'BOSTON-MA', 'AUSTIN-TX', 'PALO ALTO-CA', 'PHILADELPHIA-PA', 'DALLAS-TX']",907,995,62.55,68.62
2017Q4,WITHDRAWN,4676,5494,0,145637,209040000,0,120700,181448800,267,"['54151', '54151', '61131', '54133', '52311']","['SOFTWARE ENGINEER', 'PROGRAMMER ANALYST', 'SENIOR SOFTWARE ENGINEER', 'PROGRMMER ANALYST', 'SOFTWARE DEVELOPER']","['DURHAM-NC', 'NEW YORK-NY', 'SAN FRANCISCO-CA', 'EDISON-NJ', 'BELLEVUE-WA', 'CHICAGO-IL', 'NASHVILLE-TN', 'MOUNTAIN VIEW-CA', 'PRINCETON-NJ', 'SEATTLE-WA', 'HOUSTON-TX', 'CUPERTINO-CA', 'PLANO-TX', 'DALLAS-TX', 'IRVING-TX', 'SAN JOSE-CA', 'SANTA CLARA-CA', 'ATLANTA-GA', 'BOSTON-MA', 'FREMONT-CA']","['NEW YORK-NY', 'SAN FRANCISCO-CA', 'SUNNYVALE-CA', 'WASHINGTON-DC', 'HOUSTON-TX', 'SEATTLE-WA', 'SAN JOSE-CA', 'ATLANTA-GA', 'DALLAS-TX', 'MOUNTAIN VIEW-CA', 'CHICAGO-IL', 'COLUMBUS-IN', 'BOSTON-MA', 'AUSTIN-TX', 'JERSEY CITY-NJ', 'CHARLOTTE-NC', 'PALO ALTO-CA', 'SANTA CLARA-CA', 'LOS ANGELES-CA', 'PHOENIX-AZ']",2045,2424,43.73,51.84
2018Q1,CERTIFIED,79210,239911,10400,66490,80298400,15080,88667,624000,5,"['54151', '54161', '61131', '5416', '54121']","['SOFTWARE ENGINEER', 'PROGRAMMER ANALYST', 'SOFTWARE DEVELOPER', 'SENIOR SOFTWARE ENGINEER', 'SYSTEMS ANALYST']","['NEW YORK-NY', 'CHICAGO-IL', 'PHILADELPHIA-PA', 'PLANO-TX', 'SECAUCUS-NJ', 'ROCKVILLE-MD', 'SAN FRANCISCO-CA', 'EDISON-NJ', 'REDMOND-WA', 'SAN JOSE-CA', 'SEATTLE-WA', 'TROY-MI', 'SANTA CLARA-CA', 'TAMPA-FL', 'EAST BRUNSWICK-NJ', 'SUNNYVALE-CA', 'IRVING-TX', 'HOUSTON-TX', 'MOUNTAIN VIEW-CA', 'DURHAM-NC']","['NEW YORK-NY', 'SAN FRANCISCO-CA', 'SAN JOSE-CA', 'ATLANTA-GA', 'CHICAGO-IL', 'SEATTLE-WA', 'HOUSTON-TX', 'REDMOND-WA', 'SUNNYVALE-CA', 'CHARLOTTE-NC', 'BOSTON-MA', 'BELLEVUE-WA', 'PHILADELPHIA-PA', 'AUSTIN-TX', 'IRVING-TX', 'MOUNTAIN VIEW-CA', 'DALLAS-TX', 'SANTA CLARA-CA', 'JERSEY CITY-NJ', 'LOS ANGELES-CA']",30403,36682,38.38,46.31
2018Q1,CERTIFIED-WITHDRAWN,8771,9102,12000,56715,507500,23005,75315,281031,5,"['54151', '61131', '54171', '54133', '54161']","['PROGRAMMER ANALYST', 'SOFTWARE ENGINEER', 'SYSTEMS ANALYST', 'SOFTWARE DEVELOPER', 'COMPUTER PROGRAMMER']","['NEW YORK-NY', 'ISELIN-NJ', 'PISCATAWAY-NJ', 'SAN FRANCISCO-CA', 'EDISON-NJ', 'PALO ALTO-CA', 'HOUSTON-TX', 'MOUNTAIN VIEW-CA', 'IRVING-TX', 'CHICAGO-IL', 'BOSTON-MA', 'TROY-MI', 'DURHAM-NC', 'MONROEVILLE-PA', 'PLANO-TX', 'ASHBURN-VA', 'ATLANTA-GA', 'DUBLIN-OH', 'BELLEVUE-WA', 'ALPHARETTA-GA']","['NEW YORK-NY', 'SAN FRANCISCO-CA', 'HOUSTON-TX', 'SUNNYVALE-CA', 'CHICAGO-IL', 'PITTSBURGH-PA', 'BOSTON-MA', 'MIAMI-FL', 'ATLANTA-GA', 'MOUNTAIN VIEW-CA', 'NORTH MIAMI BEACH-FL', 'BELLEVUE-WA', 'ALPHARETTA-GA', 'AUSTIN-TX', 'SAN JOSE-CA', 'DALLAS-TX', 'PHILADELPHIA-PA', 'CHARLOTTE-NC', 'PLANO-TX', 'INDIANAPOLIS-IN']",4495,5202,51.25,59.31
2018Q1,DENIED,1493,4189,7800,269407,167442080,0,2701983,358874880,2,"['54151', '54161', '54121', '61131', '54133']","['PROGRAMMER ANALYST', 'SOFTWARE ENGINEER', 'SOFTWARE DEVELOPER', 'SENIOR SOFTWARE ENGINEER', 'SYSTEMS ANALYST']","['NEW YORK-NY', 'PHILADELPHIA-PA', 'CHICAGO-IL', 'BOSTON-MA', 'LOS ANGELES-CA', 'SAN JOSE-CA', 'SECAUCUS-NJ', 'JACKSONVILLE-FL', 'SAN FRANCISCO-CA', 'SEATTLE-WA', 'DENVER-CO', 'SALT LAKE CITY-UT', 'HOUSTON-TX', 'BROOKLYN-NY', 'DURHAM-NC', 'SANTA CLARA-CA', 'ATLANTA-GA', 'AUSTIN-TX', 'CUPERTINO-CA', 'TAMPA-FL']","['NEW YORK-NY', 'SAN JOSE-CA', 'BOSTON-MA', 'LOS ANGELES-CA', 'CHICAGO-IL', 'SAN FRANCISCO-CA', 'JACKSONVILLE-FL', 'DENVER-CO', 'SEATTLE-WA', 'BROOKLYN-NY', 'SALT LAKE CITY-UT', 'HOUSTON-TX', 'AUSTIN-TX', 'DALLAS-TX', 'IRVING-TX', 'SAN DIEGO-CA', 'JERSEY CITY-NJ', 'CUPERTINO-CA', 'SANTA CLARA-CA', 'CHARLOTTE-NC']",945,1031,63.3,69.06
2018Q1,WITHDRAWN,3013,4084,13822,334293,150800000,19480,357567,206629280,131,"['54151', '61131', '54161', '54133', '52311']","['SOFTWARE ENGINEER', 'PROGRAMMER ANALYST', 'SOFTWARE DEVELOPER', 'APPLICATION DEVELOPER', 'SYSTEMS ANALYST']","['DURHAM-NC', 'NEW YORK-NY', 'EDISON-NJ', 'CHICAGO-IL', 'PHILADELPHIA-PA', 'SAN FRANCISCO-CA', 'MOUNTAIN VIEW-CA', 'SANTA CLARA-CA', 'SAN JOSE-CA', 'HOUSTON-TX', 'TROY-MI', 'BOSTON-MA', 'NASHVILLE-TN', 'ATLANTA-GA', 'COLLEGE STATION-TX', 'DALLAS-TX', 'PRINCETON-NJ', 'IRVING-TX', 'ALPHARETTA-GA', 'CUPERTINO-CA']","['NEW YORK-NY', 'SAN FRANCISCO-CA', 'HOUSTON-TX', 'ATLANTA-GA', 'SAN JOSE-CA', 'SUNNYVALE-CA', 'CHICAGO-IL', 'DALLAS-TX', 'CHARLOTTE-NC', 'AUSTIN-TX', 'MOUNTAIN VIEW-CA', 'BOSTON-MA', 'SANTA CLARA-CA', 'SEATTLE-WA', 'IRVING-TX', 'TAMPA-FL', 'CARY-NC', 'PALO ALTO-CA', 'LOS ANGELES-CA', 'PHOENIX-AZ']",1178,1386,39.1,46.0
